reference_id,id
000740b6c1cc763e,0
0083737f904dd9a9,1
01378fa92f901df5,2
01601abb0bf5133d,3
01a28e17323d6ef8,4
01e52344308143f6,5
0229abcf2ded1058,6
05a95e7066dc4c52,7
05cb692a7fd6c0e6,8
05d4f6d7e4fe8c4b,9
0607c04000d78548,10
070dd48327cad4d5,11
0793124d86c65dc5,12
07be2569f73bd6b7,13
07d12ec5a962c925,14
08516de8de755f62,15
08d814610482da4a,16
09824205ce94d7c9,17
0ab98256ef22b592,18
0ac565ce3bfa280b,19
0be9800a9a538231,20
0c5ac0f8d296c43a,21
0cb3fc4ae2e1d6fd,22
0db4a3bd5db1f203,23
0e98903bc50f96a4,24
0faf2717bf811454,25
100949e164af5333,26
108edf8f1054d7d4,27
1112102ced6b29fe,28
116a0dea1a4ff02d,29
116c9e6140857b4b,30
11777853e7c22618,31
117f01fe96fc2b89,32
11ec463047d7bc56,33
1253c3296a3c0153,34
125544c9cc07456f,35
1320d9871e0e41e1,36
13238d78e9f5777f,37
13a23947cc15cfe7,38
13bffaadb1f61ba8,39
13f78f44e27fec08,40
14d7de09535f5f24,41
15045e15063ca106,42
15cb3a27705c8a79,43
160fedb205c7f64e,44
161fca3b6bcf5fcc,45
168bf704bf291d84,46
177ccb3b84125efa,47
1795ccd84570377e,48
187f86e9f768ebeb,49
18a5d547a136f872,50
18f70798698916ae,51
193e2a2bb43ac363,52
19a0e085f1c80eb6,53
1a3d1cb265de4c4e,54
1c370548bdb8590d,55
1c8762ee8c6d4a9b,56
1d56acfbc4983b65,57
1d710b10c62c6a00,58
1eca353c3aaa0108,59
1f21918ceb5d345c,60
1f3709ce593ece4a,61
20ba2dcb69e1e35a,62
20cc3e4f7665c876,63
21991eb9be11bcfe,64
2215bb3c753bac5a,65
250b2183453afede,66
257d8f18f913e5d7,67
25d66337f5007356,68
26cd2d13903ad9b9,69
2714c15923a2aeeb,70
28085e941cde1639,71
28b35afffe8435b8,72
2948d875bd6e4a2d,73
29fe74264baec52c,74
2a4be1cc65af864a,75
2b0ab54004b858af,76
2bc1c5675d111d9f,77
2bcb6cbc8732a9b6,78
2c278b066237ccc0,79
2ce6f8d283aa69c5,80
2d779b8a8ff7d278,81
2d9276456599a944,82
2e5af7eb35741f68,83
2e9d9df33a9c55f0,84
2ea467129e23718e,85
2eb451c97426f306,86
2f92010236ee9319,87
2fb0f64b2f454ce5,88
3024dbf152225504,89
31312fb0f5ebc4a2,90
31862a08efb59198,91
32a7b966f7ab8c72,92
32f6854f801cbf10,93
3312f087da822eaa,94
343e6f18eed4247e,95
3478f4ee87d43aee,96
349fdfb870581e8c,97
3506a28b65ac9e2b,98
3548c7f528527e95,99
35b3667e9c4d5ab3,100
35dcbf60d7bbfcee,101
364c0875ba59dbbb,102
3739ab3aad1cc751,103
3770f7338ab697da,104
377312a4a7d64f81,105
377541fb839e74c8,106
37b6e131f080f0da,107
37b7e8e97bd33f12,108
3914651e72846423,109
391e608092fe27de,110
3957c93dce19b3fe,111
3abd00f4ca1adfcc,112
3c096a1f539c1daf,113
3d97593a7a33e57a,114
3e0ce7036a5a0195,115
3e67027c91e41af1,116
3edadb7a2d627f65,117
3ef0e6e982996562,118
3f844bec1d74466d,119
3fc7aa1177989cca,120
40037632f88f0617,121
40fb45575beccb56,122
41142f2def7d724f,123
411f7f7ba0be16fd,124
42398a549069860c,125
432fef74d528586f,126
43ae291b3ec558a6,127
43f7583a52960284,128
443fbb7739d5eccb,129
44fc96d2d6363eb9,130
46889124439ddfa4,131
46f81b709a5c80f9,132
471b8b5f9c648910,133
47355d644fa375b2,134
4850871069f9073a,135
48d9db768fc12833,136
494195cb88d5e3ad,137
4ab004bd3c60bab9,138
4b220b0b1cabd51a,139
4b59cf0aad60dfe4,140
4bdecd6785970f05,141
4c8a5b8f228eaed8,142
4d63beda626c7f3e,143
4e7b09a6a5d50370,144
4ee851e0c2dda54c,145
4f641eb022b931b9,146
4f9bf73be63fa349,147
4fae4dee12611ab9,148
501b4ad757268238,149
516c4c0cca619ea4,150
5277163b1a2099dd,151
528e3d99bf396149,152
5317b3a4544125ab,153
536ef2e265b8678c,154
53a206146d4ecba5,155
54c9c1029f7053a5,156
54f50670bcf48f9a,157
54f849cca17ad46c,158
563d494021391f6f,159
565cd2e69b1fcdca,160
56ce631a5a6b0cc1,161
58330809dae8fcad,162
59ffd7e4452b90b8,163
5a8702ae15ccd6df,164
5b53bef85d17bfd9,165
5cd2febf56f0e483,166
5d3fa3ae27980116,167
5d69c61237a79bc1,168
5da1e1dbd653ddae,169
5de19e78cb7b902f,170
5f0283bd0bae9396,171
5fa45f2e58a4b6d6,172
5feb5e5d2a37e729,173
60c511bc3f614e22,174
610464dcf5e1dc98,175
6161c9b880b9622c,176
619891c75facdfd3,177
62e72eba83c67ee6,178
64056890cc4af17f,179
647995c157f7d99a,180
648c6e1504a4e7cd,181
64cb91aaedd3e189,182
654fe5d10e55bbeb,183
658389286433bfc3,184
65ae4c1d834dd1c3,185
65d0a61465fb389b,186
66111416e7cce47c,187
6641efda5eea8e32,188
664b48a4aafdf9cf,189
6723766c4478d88b,190
680983361f9768d3,191
687fc227afb5b319,192
68ccf6102657986b,193
690e287b3c850d7c,194
696f261b866ca3b6,195
698c2d3015a71ee7,196
698c7fc4d748a8e1,197
6991971afd95e343,198
69c224115cc00a85,199
6a275666ebb5de0a,200
6a8af20af594f8f6,201
6af522dbaebbe215,202
6b25de61f7d616b8,203
6b423ba12a723c38,204
6ba3b74a1ca138cf,205
6d65b7363fdef730,206
6e471a700c40e2ab,207
6e7af3790d933f72,208
6eaa6834dbf86212,209
6f17521194a87f9e,210
6f205028762b6145,211
7082d012f6c82847,212
70dda99f86242098,213
715017d68a89f1b1,214
720fb1e8502e4198,215
72568b8dd31ed9b7,216
729f1b1e59600803,217
7378a789c6b7c656,218
73c8a97445f43966,219
74b8df4389f87055,220
74d0d86e83e8cfbd,221
760e54d0f7254c84,222
767e8aac14292d41,223
776d4db26cb2e451,224
7810daae8a7e7fba,225
78a87eb0e0365083,226
78bec6b366af5726,227
79365b00febf391b,228
7a42c345f69cd7b7,229
7b2f56fdae6e4b69,230
7bd6e22a9ae5875a,231
7c078e4143695811,232
7d0876a6abed076a,233
7d57bd0cea170275,234
7daa2feb09ae2f1b,235
7e0aa20dfe462648,236
7e6e34bdb1103b4d,237
7f0e67ce52682515,238
7fc4b6b8b93509c0,239
80abb5aed92419c1,240
80fdbdcfcaae3448,241
81b6691e5d2c752f,242
81bfaff4d9a7c386,243
83c7f376d1e41642,244
8469af0c1005c7f2,245
84fd7990c2a3e568,246
850317b70906e681,247
856751a358b2734a,248
859f1dd7a649560e,249
8612bdb4fe798b2f,250
864817f21dfff210,251
8676768acab9c5ee,252
86d39bd34b8f5e23,253
872a4e660493748b,254
87a78dfb2fbdff0c,255
880425acc14cd89b,256
88acf0e46386f61d,257
89f10b618c2cee72,258
8abff1fd30760f44,259
8b3925c2f2a210c5,260
8b69cc8b592abddf,261
8c478e5e07402147,262
8c82a2f5ce71159a,263
8cf1b9c715f9a13f,264
8d6e8bbe6b1eadad,265
8e2012bfdbccf188,266
8e24de4e8777d93a,267
8f9c8fcf9cb2862c,268
8f9f7a8f4b112f15,269
909e4bc94eef35b2,270
90a9e868dc22bbbe,271
9158a4c6707ede74,272
91ac89bf0cf37452,273
9217fac11424f831,274
922a15232c00e78c,275
925c5d9217d329f2,276
92d355d0c4a7e069,277
92f1db4ddab3befe,278
9317f988ff2328d5,279
938fd7feb4447953,280
93bc07ff850e71d0,281
93bfeb64227828a3,282
94120a348b9d0bac,283
94c79cc29a91f6ba,284
94e153585c3ba096,285
94e5f00c4138bbf8,286
954dce8f7193712b,287
95aafaf6ecf2889f,288
95e18541133f46a1,289
983409b96758b510,290
99fe19e16b5bbeee,291
9a719f61518fdbfc,292
9afe55bb4bf1e8a8,293
9c2ebb2b8b07cad2,294
9d4183b628702996,295
9d7d3c602d0282b2,296
9d8cb95c8e99ac33,297
9ebdb1e8f6e7d472,298
9f89cf7692541c36,299
a05ae39cb2ace0f4,300
a07d5538ebec8e36,301
a084f31e178be7e6,302
a101c2b4f2e0c8ae,303
a38aa64a14594b32,304
a51a43ae8ef6ec5d,305
a62ac35841239177,306
a75cab6d9c61065e,307
a7a8a654959ef5c9,308
a89e7cb3e98a5189,309
a8d71ac2f5a72530,310
a912d1bb76429af5,311
a952db06b973510f,312
a97b2ca22a6393b3,313
aa77ce058814e55b,314
ab2448c31b563b2e,315
ab66700c291ac5ce,316
abe138723279f9af,317
adcbc61186628800,318
ae0ded178481d783,319
ae5c533c45a41bdc,320
af07144cef25d3ef,321
b01fdcef319c260d,322
b05babdc653dcd9d,323
b06b981adc52c752,324
b1d0b61573ff0b3f,325
b33b2e069b9d7cf9,326
b3776edba7cd2247,327
b435b4515808e799,328
b43738df81b274e6,329
b5878d4747e452ad,330
b5f3df0435498593,331
b60a61d64c53850f,332
b6f6e9b5ead263ae,333
b74de9b0b28590b4,334
b75a8eaef3f48c70,335
b91a686bdeee3b59,336
b941b65ba33a29a0,337
b9df41642d81ecf1,338
b9f298aeed28f1a1,339
bca7199a97f77357,340
bcad9e86686f9bdb,341
bcaef629354a7f34,342
bd62c68d54171320,343
bd828d1ddcec8c48,344
bdcbf9f316fe0125,345
be85c7f8554f16c0,346
beaf8f52f0745c2c,347
bfdc076d700c7c34,348
c0366162aa2500f8,349
c09a5711e558f38f,350
c14d00955ff5ffd7,351
c155f6c23a8f7aa4,352
c1ba3c0a199ab1a2,353
c23587593162a13a,354
c24becbb7f823904,355
c24cbf788d7f1d47,356
c293089bc63254cd,357
c2e78a61139bb6ce,358
c319522c2212e9ef,359
c5a26ac6308a0d11,360
c5f1eb9158c3a707,361
c7336f203881a3c0,362
c74b2d4c1e6a99b3,363
c7a2e281526c9348,364
c8c1ad6110ff2bd2,365
c8cf6b65761ea1ef,366
c94038ffa1a33df2,367
c9634b0b93d1bafc,368
c9a0918e91a98305,369
cac2180bc7c4d5fa,370
cb4a51946d773a5a,371
cc13eaa7e880c0d7,372
ccd0ad2b2ddd13bf,373
cd378ed756aa2882,374
cdbe98a45d95d962,375
cf0fa4f752feaed4,376
cf32ba7dd3343a4f,377
cfc2b5f5c0fa69dd,378
d0566cc764e744fb,379
d0615796a24cb300,380
d0c64830aa5b693c,381
d12a40fb23753f89,382
d19665c423c71f84,383
d307989eecbe7f7b,384
d3f1c49998c771f3,385
d3fd12251a6b85f4,386
d43cca2069b8cc44,387
d4d30066f59fe4ad,388
d4ebc4a26700d5e0,389
d4fe7179ce05fe85,390
d57236931190ee4f,391
d5f74488ca1cd971,392
d6e602c1a66213c8,393
d75d646df7e9e2bb,394
d7d28d1201ba8bde,395
d82bc0afa73ab4e0,396
db2864373795ea53,397
dbacf1a8aab6c261,398
dcaa0047e36b83d4,399
dd12cee5786d442e,400
de666c1df1cfda43,401
debaf87e85f94b1c,402
df3067c6ea1deee5,403
df8dbcf0d4e381e6,404
e041f07c2f1d0d57,405
e04256de6e2839ea,406
e043872d672a8fe8,407
e09b76f558f1befe,408
e0ec83be2c57721d,409
e10186c861a7c219,410
e14fd7d4b79c39dc,411
e256cd9888e0f207,412
e2e227ddf732c1ca,413
e357703b9d6568a6,414
e43fd47ebadc2c26,415
e459c9495955613a,416
e5542a95bc882c43,417
e57bf72b51723408,418
e62b831e32efcbc8,419
e867e92d563f6caf,420
e890f739eb760654,421
e8ca5c0eeaa7f392,422
e8d1b4fddabaa505,423
e8f7590b4c24fdbf,424
e918286fd2fc8fce,425
e940c807b83b4a98,426
ea2228931c428185,427
ea223ca919e2f464,428
ea290c29074c92ad,429
eab61e20ff52459e,430
ec95d0b2bf54abf4,431
ed65d39d41aeab0e,432
ef7e9ae5c1c2b654,433
ef9a2e91bb566217,434
efe4ee66e37c9fee,435
f0506a48de1ba119,436
f0cb68e921dee9b3,437
f0fc718b6d6c7d8e,438
f1d7a6de205f4c9e,439
f1e45865f42886c4,440
f1ef51ca6bab03d3,441
f3218fffa4c09614,442
f325184a5c99c599,443
f35afc760cecb50f,444
f3823ddbc3398737,445
f38501875b18a4a4,446
f3e10061c5a04f2c,447
f440de22d764b2a3,448
f4821600fc823f6d,449
f497219eb0077f84,450
f4d135a1d7a3b3a0,451
f50c3e7f0b02facb,452
f530b2c4727ad971,453
f57dee0aaa1d6762,454
f5949f3c3d4611af,455
f5cbd4fcc8474730,456
f66acf4527f0c708,457
f6711591cd55c091,458
f67deaee31597443,459
f6d45c3ab6c52946,460
f7443cc12811da93,461
f90d8061194fbf26,462
f9fc2a8afa5b2ff5,463
fb2f4122fc21be6f,464
fb35f7fa64691535,465
fc0a307822fa30f3,466
fccdc0fdbefeeaa3,467
fdff5884f8e0cdaf,468
fee1d1dc53f135d1,469
ff5da4be6fa60c4b,470
